model,train_index
1,0
1,2
1,9
1,10
1,15
1,19
1,25
1,28
1,32
1,44
1,46
1,47
1,48
1,56
1,58
1,66
1,75
1,91
1,99
1,114
1,115
1,122
1,124
1,128
1,134
1,142
1,153
1,155
1,156
1,161
1,164
1,165
1,168
1,169
1,190
1,196
1,197
1,200
1,222
1,228
1,229
1,241
1,242
1,243
1,257
1,285
1,290
1,295
1,296
1,302
1,305
1,307
1,308
1,311
1,315
1,324
1,327
1,336
1,338
1,339
1,343
1,348
1,355
1,356
1,367
1,372
1,393
1,406
1,408
1,416
1,427
1,428
1,429
1,431
1,434
1,436
1,438
1,440
1,442
1,448
1,459
1,460
1,461
1,467
1,469
1,474
1,479
1,493
1,514
1,521
1,532
1,541
1,544
1,546
1,548
1,567
1,576
1,590
1,591
1,594
1,603
1,608
1,609
1,614
1,618
1,622
1,627
1,637
1,643
1,659
1,666
1,671
1,678
1,703
1,722
1,723
1,725
1,729
1,730
1,741
1,752
1,764
1,776
1,777
1,782
1,787
1,793
1,799
1,805
1,820
1,834
1,836
1,837
1,842
1,848
1,856
1,857
1,860
1,861
1,871
1,872
1,877
1,880
1,884
1,888
1,890
1,892
1,901
1,907
1,917
1,929
1,942
1,955
1,957
1,973
1,975
1,984
1,988
1,993
1,996
1,1000
1,1010
1,1031
1,1032
1,1035
1,1037
1,1041
1,1044
1,1058
1,1071
1,1082
1,1093
1,1107
1,1110
1,1116
1,1117
1,1127
1,1134
1,1135
1,1144
1,1152
1,1166
1,1168
1,1171
1,1183
1,1186
1,1191
1,1193
1,1201
1,1204
1,1207
1,1211
1,1224
1,1227
1,1237
1,1256
1,1273
1,1280
1,1282
1,1306
1,1318
1,1324
1,1330
1,1339
1,1349
1,1355
1,1357
1,1361
1,1362
1,1364
1,1366
1,1380
1,1381
1,1385
1,1387
1,1393
1,1402
1,1406
1,1410
1,1412
1,1417
1,1418
1,1419
1,1420
1,1427
1,1434
1,1460
1,1467
1,1468
1,1474
1,1482
1,1503
1,1505
1,1508
1,1509
1,1515
1,1537
1,1544
1,1549
1,1550
1,1553
1,1558
1,1577
1,1578
1,1582
1,1595
1,1606
1,1608
1,1611
1,1617
1,1620
1,1622
1,1635
1,1656
1,1659
1,1672
1,1675
1,1683
1,1690
1,1692
1,1696
1,1697
1,1706
1,1727
1,1732
1,1749
1,1764
1,1788
1,1789
1,1790
1,1803
1,1819
1,1824
1,1833
1,1841
1,1852
1,1860
1,1867
1,1869
1,1873
1,1893
1,1897
1,1910
1,1916
1,1920
1,1924
1,1928
1,1948
1,1971
1,1974
1,1975
1,1977
1,1990
1,1992
1,1994
1,2000
1,2005
1,2007
1,2016
1,2020
1,2023
1,2029
1,2033
1,2036
1,2054
1,2056
1,2059
1,2062
1,2069
1,2071
1,2075
1,2081
1,2082
1,2096
1,2099
1,2101
1,2102
1,2120
1,2121
1,2126
1,2131
1,2147
1,2158
1,2164
1,2166
1,2183
1,2184
1,2185
1,2186
1,2190
1,2199
1,2206
1,2208
1,2209
1,2210
1,2234
1,2238
1,2241
1,2245
1,2248
1,2249
1,2268
1,2269
1,2307
1,2310
1,2317
1,2321
1,2326
1,2336
1,2344
1,2345
1,2355
1,2356
1,2358
1,2368
1,2383
1,2385
1,2387
1,2394
1,2402
1,2408
1,2416
1,2418
1,2420
1,2438
1,2441
1,2442
1,2448
1,2456
1,2464
1,2481
1,2499
1,2508
1,2510
1,2511
1,2520
1,2528
1,2530
1,2538
1,2542
1,2553
1,2559
1,2561
1,2563
1,2567
1,2579
1,2596
1,2603
1,2605
1,2607
1,2630
1,2653
1,2656
1,2659
1,2671
1,2676
1,2678
1,2684
1,2695
1,2696
1,2699
1,2702
1,2705
1,2712
1,2715
1,2722
1,2735
1,2741
1,2746
1,2749
1,2758
1,2769
1,2771
1,2777
1,2783
1,2785
1,2787
1,2789
1,2790
1,2796
1,2798
1,2802
1,2805
1,2809
1,2816
1,2828
1,2832
1,2840
1,2841
1,2842
1,2849
1,2859
1,2863
1,2867
1,2868
1,2879
1,2889
1,2895
1,2897
1,2902
1,2905
1,2907
1,2909
1,2912
1,2914
1,2915
1,2919
1,2920
1,2922
1,2932
1,2936
1,2943
1,2946
1,2951
1,2956
1,2957
1,2970
1,2975
1,2978
1,2984
1,2993
1,2996
1,2997
1,3043
1,3044
1,3048
1,3051
1,3053
1,3062
1,3083
1,3102
1,3103
1,3115
1,3122
1,3125
1,3127
1,3128
1,3129
1,3144
1,3161
1,3164
1,3166
1,3175
1,3181
1,3182
1,3193
1,3210
1,3221
1,3229
1,3231
1,3244
1,3258
1,3264
1,3275
1,3278
1,3279
1,3281
1,3292
1,3294
1,3297
1,3314
1,3317
1,3325
1,3331
1,3344
1,3356
1,3360
1,3371
1,3373
1,3379
1,3395
1,3400
1,3410
1,3414
1,3419
1,3425
1,3428
1,3434
1,3436
1,3443
1,3444
1,3448
1,3450
1,3451
1,3454
1,3467
1,3468
1,3469
1,3470
1,3473
1,3478
1,3494
1,3525
1,3528
1,3533
1,3535
1,3537
1,3547
1,3549
1,3550
1,3557
1,3563
1,3564
1,3570
1,3582
1,3598
1,3599
1,3610
1,3613
1,3614
1,3615
1,3620
1,3624
1,3635
1,3649
1,3653
1,3654
1,3664
1,3669
1,3671
1,3683
1,3688
1,3695
1,3701
1,3705
1,3708
1,3721
1,3732
1,3733
1,3735
1,3740
1,3745
1,3757
1,3762
1,3776
1,3786
1,3794
1,3796
1,3805
1,3814
1,3820
1,3824
1,3826
1,3827
1,3828
1,3833
1,3839
1,3845
1,3846
1,3850
1,3852
1,3853
1,3855
1,3866
1,3873
1,3874
1,3875
1,3888
1,3920
1,3931
1,3932
1,3934
1,3940
1,3958
1,3961
1,3962
1,3977
1,3978
1,3985
1,3988
1,3989
1,3993
1,4000
1,4001
1,4015
1,4019
1,4032
1,4035
1,4039
1,4052
1,4054
1,4059
1,4070
1,4071
1,4073
1,4075
1,4076
1,4077
1,4078
1,4089
1,4101
1,4105
1,4108
1,4110
1,4112
1,4117
1,4127
1,4142
1,4146
1,4153
1,4164
1,4167
1,4168
1,4172
1,4174
1,4178
1,4191
1,4197
1,4200
1,4208
1,4211
1,4223
1,4237
1,4243
1,4253
1,4256
1,4257
1,4258
1,4260
1,4269
1,4280
1,4299
1,4302
1,4317
1,4325
1,4340
1,4341
1,4346
1,4351
1,4355
1,4358
1,4364
1,4365
1,4366
1,4367
1,4373
1,4374
1,4384
1,4387
1,4396
1,4399
1,4409
1,4418
1,4422
1,4425
1,4427
1,4432
1,4436
1,4454
1,4456
1,4463
1,4466
1,4472
1,4478
1,4485
1,4492
1,4495
1,4497
1,4507
1,4518
1,4530
1,4533
1,4557
1,4560
1,4562
1,4566
1,4567
1,4574
1,4587
1,4605
1,4618
1,4623
1,4624
1,4626
1,4633
1,4637
1,4640
1,4641
1,4646
1,4655
1,4658
1,2643
1,941
1,496
1,709
1,3247
1,2593
1,3787
1,3271
1,1145
1,3252
1,4173
1,1887
1,1624
1,656
1,2773
1,1564
1,2125
1,2813
1,853
1,1895
1,1332
1,4263
1,4414
1,1219
1,1352
1,1795
1,2952
1,1085
1,4504
1,3263
1,1729
1,2214
1,1623
1,1502
1,3002
1,613
1,564
1,2128
1,1554
1,751
1,3061
1,577
1,1136
1,4614
1,4311
1,1021
1,1370
1,3982
1,3937
1,3784
1,816
1,3046
1,3785
1,796
1,12
1,3741
1,3326
1,2443
1,4122
1,2412
1,3556
1,4151
1,4031
1,1377
1,3334
1,3040
1,4582
1,1600
1,4338
1,419
1,185
1,3636
1,924
1,2469
1,350
1,3544
1,2496
1,1478
1,4188
1,3341
1,2646
1,2726
1,1194
1,4544
1,187
1,1089
1,2144
1,1601
1,2532
1,2763
1,1744
1,1455
1,2766
1,2732
1,3783
1,715
1,2950
1,4220
1,2568
1,4027
1,1335
1,1837
1,829
1,490
1,3136
1,4171
1,1233
1,4240
1,3176
1,1836
1,3446
1,1164
1,1141
1,2901
1,1200
1,698
1,554
1,3854
1,4531
1,530
1,2531
1,1676
1,3020
1,2641
1,3496
1,865
1,1591
1,915
1,1184
1,1073
1,318
1,2302
1,851
1,705
1,4428
1,4571
1,2006
1,4508
1,141
1,2350
1,1097
1,3155
1,1498
1,1529
1,1511
1,2533
1,3220
1,4430
1,205
1,1695
1,4631
1,4018
1,3628
1,1147
1,4465
1,1757
1,112
1,131
1,2060
1,676
1,85
1,1921
1,4597
1,4119
1,2614
1,2608
1,470
1,2803
1,433
1,3918
1,3552
1,3086
1,1621
1,22
1,2165
1,3196
1,1806
1,3943
1,34
1,1519
1,1691
1,3605
1,1666
1,2501
1,1531
1,264
1,2491
1,4659
1,2992
1,4558
1,4225
1,380
1,1859
1,1334
1,1707
1,1464
1,1932
1,3990
1,366
1,2667
1,4552
1,2415
1,931
1,3464
1,4199
1,589
1,4061
1,1473
1,1965
1,3603
1,2297
1,3912
1,1123
1,1958
1,2363
1,1199
1,1639
1,1108
1,499
1,3751
1,1702
1,1340
1,2172
1,1484
1,1497
1,3720
1,605
1,358
1,4371
1,1499
1,3917
1,3949
1,632
1,2686
1,4621
1,3482
1,3953
1,2098
1,3815
1,4181
1,4407
1,768
1,2663
1,4612
1,1703
1,4397
1,2954
1,2682
1,800
1,2892
1,445
1,1546
1,835
1,3791
1,1936
1,4423
1,896
1,423
1,3586
1,2639
1,14
1,1298
1,3522
1,2111
1,4120
1,733
1,869
1,1748
1,3924
1,3172
1,4648
1,625
1,4441
1,1613
1,3476
1,2923
1,3987
1,3421
1,4088
1,511
1,2196
1,389
1,2987
1,118
1,4202
1,313
1,405
1,3980
1,1307
1,3530
1,3632
1,129
1,4309
1,1261
1,249
1,640
1,1830
1,1739
1,1665
1,2132
1,1323
1,7
1,2698
1,1070
1,4656
1,4099
1,1056
1,663
1,258
1,504
1,2043
1,2001
1,4372
1,352
1,2490
1,294
1,3722
1,40
1,3101
1,1637
1,2921
1,383
1,2026
1,817
1,1787
1,446
1,707
1,3265
1,38
1,3359
1,2453
1,1368
1,3382
1,1259
1,2070
1,769
1,473
1,3050
1,3797
1,1879
1,2761
1,2644
1,4234
1,2751
1,1950
1,1684
1,2544
1,4651
1,1737
1,3058
1,2331
1,3736
1,3019
1,2865
1,2780
1,3239
1,922
1,740
1,4487
1,944
1,3553
1,353
1,1674
1,3147
1,3437
1,950
1,4600
1,1506
1,3727
1,662
1,3960
1,1680
1,6
1,4585
1,2570
1,1805
1,661
1,1051
1,1560
1,516
1,2428
1,2536
1,2077
1,1465
1,3111
1,930
1,780
1,1438
1,3811
1,2818
1,2411
1,3324
1,2305
1,1106
1,1538
1,3042
1,1614
1,1616
1,220
1,3323
1,3947
1,2039
1,426
1,642
1,1150
1,887
1,2908
1,425
1,1535
1,1799
1,772
1,4313
1,4166
1,2760
1,1609
1,3531
1,2189
1,135
1,2461
1,2930
1,411
1,1493
1,395
1,1698
1,1490
1,266
1,1276
1,59
1,255
1,126
1,1210
1,4394
1,1238
1,3422
1,719
1,3085
1,2637
1,742
1,3836
1,1797
1,1839
1,1121
1,1061
1,3235
1,4102
1,524
1,862
1,4002
1,3505
1,2002
1,3156
1,2365
1,1470
1,2918
1,3601
1,3159
1,224
1,633
1,4592
1,4650
1,166
1,3770
1,3330
1,3377
1,86
1,4270
1,943
1,3418
1,2320
1,3145
1,2822
1,172
1,3205
1,4068
1,2929
1,3483
1,4401
1,1158
1,1912
1,4470
1,1533
1,2697
1,2693
1,1129
1,2040
1,1002
1,1090
1,2835
1,4238
1,4660
1,1516
1,3272
1,4519
1,1249
1,2334
1,4158
1,3256
1,1149
1,2811
1,3222
1,2022
1,3561
1,583
1,1248
1,3313
1,399
1,2525
1,1397
1,727
1,932
1,4114
1,3427
1,1400
1,2552
1,1818
1,1472
1,1088
1,858
1,1866
1,1565
1,4187
1,4455
1,4130
1,1734
1,1940
1,3774
1,501
1,1726
1,1133
1,2774
1,4534
1,749
1,4069
1,2855
1,4084
1,3651
1,854
1,3781
1,2728
1,1179
1,3900
1,98
1,2949
1,3534
1,2049
1,1405
1,375
1,4095
1,4189
1,2838
1,4135
1,2146
1,2266
1,804
1,535
1,4310
1,2592
1,4150
1,2799
1,1275
1,1694
1,2459
1,1433
1,2127
1,1017
1,4255
1,4330
1,4051
1,3367
1,2721
1,3028
1,1367
1,899
1,173
1,2670
1,3045
1,3280
1,3108
1,2264
1,645
1,3293
1,2243
1,37
1,3052
1,3442
1,3375
1,2624
1,3202
1,1132
1,525
1,3975
1,3897
1,3585
1,3568
1,4111
1,3224
1,2407
1,439
1,3803
1,2704
1,3712
1,3662
1,2333
1,1713
1,3972
1,1714
1,3167
1,689
1,2389
1,184
1,1263
1,1891
1,545
1,3041
1,4227
1,2504
1,72
1,4160
1,1651
1,1060
1,3390
1,2880
1,3538
1,985
1,1886
1,2873
1,143
1,2807
1,2681
1,961
1,4274
1,231
1,325
1,1843
1,450
1,382
1,3063
1,4170
1,83
1,638
1,3779
1,159
1,4017
1,4482
1,1794
1,1222
1,2260
1,1720
1,1251
1,2654
1,3401
1,88
1,1604
1,735
1,3834
1,2874
1,3218
1,413
1,1834
1,774
1,1155
1,4231
1,4137
1,3243
1,4376
1,4588
1,1083
1,596
1,1632
1,2362
1,1483
1,3396
1,119
1,1401
1,4514
1,1429
1,928
1,4043
1,4617
1,763
1,1479
1,2086
1,3800
1,2224
1,2180
1,3216
1,1113
1,940
1,3621
1,4143
1,3591
1,808
1,195
1,1913
1,3003
1,3775
1,4481
1,1289
1,4145
1,4408
1,2174
1,1229
1,2339
1,1551
1,4013
1,3471
1,2012
1,628
1,3195
1,274
1,4479
1,3456
1,288
1,2137
1,3078
1,73
1,3697
1,17
1,3140
1,4475
1,1602
2,0
2,2
2,9
2,10
2,15
2,19
2,25
2,28
2,32
2,44
2,46
2,47
2,48
2,56
2,58
2,66
2,75
2,91
2,99
2,114
2,115
2,122
2,124
2,128
2,134
2,142
2,153
2,155
2,156
2,161
2,164
2,165
2,168
2,169
2,190
2,196
2,197
2,200
2,222
2,228
2,229
2,241
2,242
2,243
2,257
2,285
2,290
2,295
2,296
2,302
2,305
2,307
2,308
2,311
2,315
2,324
2,327
2,336
2,338
2,339
2,343
2,348
2,355
2,356
2,367
2,372
2,393
2,406
2,408
2,416
2,427
2,428
2,429
2,431
2,434
2,436
2,438
2,440
2,442
2,448
2,459
2,460
2,461
2,467
2,469
2,474
2,479
2,493
2,514
2,521
2,532
2,541
2,544
2,546
2,548
2,567
2,576
2,590
2,591
2,594
2,603
2,608
2,609
2,614
2,618
2,622
2,627
2,637
2,643
2,659
2,666
2,671
2,678
2,703
2,722
2,723
2,725
2,729
2,730
2,741
2,752
2,764
2,776
2,777
2,782
2,787
2,793
2,799
2,805
2,820
2,834
2,836
2,837
2,842
2,848
2,856
2,857
2,860
2,861
2,871
2,872
2,877
2,880
2,884
2,888
2,890
2,892
2,901
2,907
2,917
2,929
2,942
2,955
2,957
2,973
2,975
2,984
2,988
2,993
2,996
2,1000
2,1010
2,1031
2,1032
2,1035
2,1037
2,1041
2,1044
2,1058
2,1071
2,1082
2,1093
2,1107
2,1110
2,1116
2,1117
2,1127
2,1134
2,1135
2,1144
2,1152
2,1166
2,1168
2,1171
2,1183
2,1186
2,1191
2,1193
2,1201
2,1204
2,1207
2,1211
2,1224
2,1227
2,1237
2,1256
2,1273
2,1280
2,1282
2,1306
2,1318
2,1324
2,1330
2,1339
2,1349
2,1355
2,1357
2,1361
2,1362
2,1364
2,1366
2,1380
2,1381
2,1385
2,1387
2,1393
2,1402
2,1406
2,1410
2,1412
2,1417
2,1418
2,1419
2,1420
2,1427
2,1434
2,1460
2,1467
2,1468
2,1474
2,1482
2,1503
2,1505
2,1508
2,1509
2,1515
2,1537
2,1544
2,1549
2,1550
2,1553
2,1558
2,1577
2,1578
2,1582
2,1595
2,1606
2,1608
2,1611
2,1617
2,1620
2,1622
2,1635
2,1656
2,1659
2,1672
2,1675
2,1683
2,1690
2,1692
2,1696
2,1697
2,1706
2,1727
2,1732
2,1749
2,1764
2,1788
2,1789
2,1790
2,1803
2,1819
2,1824
2,1833
2,1841
2,1852
2,1860
2,1867
2,1869
2,1873
2,1893
2,1897
2,1910
2,1916
2,1920
2,1924
2,1928
2,1948
2,1971
2,1974
2,1975
2,1977
2,1990
2,1992
2,1994
2,2000
2,2005
2,2007
2,2016
2,2020
2,2023
2,2029
2,2033
2,2036
2,2054
2,2056
2,2059
2,2062
2,2069
2,2071
2,2075
2,2081
2,2082
2,2096
2,2099
2,2101
2,2102
2,2120
2,2121
2,2126
2,2131
2,2147
2,2158
2,2164
2,2166
2,2183
2,2184
2,2185
2,2186
2,2190
2,2199
2,2206
2,2208
2,2209
2,2210
2,2234
2,2238
2,2241
2,2245
2,2248
2,2249
2,2268
2,2269
2,2307
2,2310
2,2317
2,2321
2,2326
2,2336
2,2344
2,2345
2,2355
2,2356
2,2358
2,2368
2,2383
2,2385
2,2387
2,2394
2,2402
2,2408
2,2416
2,2418
2,2420
2,2438
2,2441
2,2442
2,2448
2,2456
2,2464
2,2481
2,2499
2,2508
2,2510
2,2511
2,2520
2,2528
2,2530
2,2538
2,2542
2,2553
2,2559
2,2561
2,2563
2,2567
2,2579
2,2596
2,2603
2,2605
2,2607
2,2630
2,2653
2,2656
2,2659
2,2671
2,2676
2,2678
2,2684
2,2695
2,2696
2,2699
2,2702
2,2705
2,2712
2,2715
2,2722
2,2735
2,2741
2,2746
2,2749
2,2758
2,2769
2,2771
2,2777
2,2783
2,2785
2,2787
2,2789
2,2790
2,2796
2,2798
2,2802
2,2805
2,2809
2,2816
2,2828
2,2832
2,2840
2,2841
2,2842
2,2849
2,2859
2,2863
2,2867
2,2868
2,2879
2,2889
2,2895
2,2897
2,2902
2,2905
2,2907
2,2909
2,2912
2,2914
2,2915
2,2919
2,2920
2,2922
2,2932
2,2936
2,2943
2,2946
2,2951
2,2956
2,2957
2,2970
2,2975
2,2978
2,2984
2,2993
2,2996
2,2997
2,3043
2,3044
2,3048
2,3051
2,3053
2,3062
2,3083
2,3102
2,3103
2,3115
2,3122
2,3125
2,3127
2,3128
2,3129
2,3144
2,3161
2,3164
2,3166
2,3175
2,3181
2,3182
2,3193
2,3210
2,3221
2,3229
2,3231
2,3244
2,3258
2,3264
2,3275
2,3278
2,3279
2,3281
2,3292
2,3294
2,3297
2,3314
2,3317
2,3325
2,3331
2,3344
2,3356
2,3360
2,3371
2,3373
2,3379
2,3395
2,3400
2,3410
2,3414
2,3419
2,3425
2,3428
2,3434
2,3436
2,3443
2,3444
2,3448
2,3450
2,3451
2,3454
2,3467
2,3468
2,3469
2,3470
2,3473
2,3478
2,3494
2,3525
2,3528
2,3533
2,3535
2,3537
2,3547
2,3549
2,3550
2,3557
2,3563
2,3564
2,3570
2,3582
2,3598
2,3599
2,3610
2,3613
2,3614
2,3615
2,3620
2,3624
2,3635
2,3649
2,3653
2,3654
2,3664
2,3669
2,3671
2,3683
2,3688
2,3695
2,3701
2,3705
2,3708
2,3721
2,3732
2,3733
2,3735
2,3740
2,3745
2,3757
2,3762
2,3776
2,3786
2,3794
2,3796
2,3805
2,3814
2,3820
2,3824
2,3826
2,3827
2,3828
2,3833
2,3839
2,3845
2,3846
2,3850
2,3852
2,3853
2,3855
2,3866
2,3873
2,3874
2,3875
2,3888
2,3920
2,3931
2,3932
2,3934
2,3940
2,3958
2,3961
2,3962
2,3977
2,3978
2,3985
2,3988
2,3989
2,3993
2,4000
2,4001
2,4015
2,4019
2,4032
2,4035
2,4039
2,4052
2,4054
2,4059
2,4070
2,4071
2,4073
2,4075
2,4076
2,4077
2,4078
2,4089
2,4101
2,4105
2,4108
2,4110
2,4112
2,4117
2,4127
2,4142
2,4146
2,4153
2,4164
2,4167
2,4168
2,4172
2,4174
2,4178
2,4191
2,4197
2,4200
2,4208
2,4211
2,4223
2,4237
2,4243
2,4253
2,4256
2,4257
2,4258
2,4260
2,4269
2,4280
2,4299
2,4302
2,4317
2,4325
2,4340
2,4341
2,4346
2,4351
2,4355
2,4358
2,4364
2,4365
2,4366
2,4367
2,4373
2,4374
2,4384
2,4387
2,4396
2,4399
2,4409
2,4418
2,4422
2,4425
2,4427
2,4432
2,4436
2,4454
2,4456
2,4463
2,4466
2,4472
2,4478
2,4485
2,4492
2,4495
2,4497
2,4507
2,4518
2,4530
2,4533
2,4557
2,4560
2,4562
2,4566
2,4567
2,4574
2,4587
2,4605
2,4618
2,4623
2,4624
2,4626
2,4633
2,4637
2,4640
2,4641
2,4646
2,4655
2,4658
2,294
2,3637
2,4318
2,2430
2,380
2,3285
2,4487
2,3561
2,1060
2,1480
2,2885
2,3338
2,4591
2,13
2,447
2,3941
2,3479
2,2078
2,1034
2,1045
2,3254
2,2501
2,378
2,3795
2,2990
2,4259
2,4421
2,3811
2,822
2,3612
2,1711
2,2250
2,701
2,1572
2,2496
2,3756
2,553
2,1396
2,4074
2,3829
2,1822
2,2878
2,1445
2,2049
2,3819
2,795
2,1517
2,1489
2,667
2,1161
2,1845
2,597
2,95
2,3791
2,3904
2,529
2,1760
2,3785
2,4417
2,1641
2,3611
2,702
2,3061
2,2874
2,3878
2,3862
2,3354
2,3891
2,3536
2,4349
2,945
2,992
2,2462
2,3415
2,1534
2,3596
2,4129
2,1494
2,2270
2,1278
2,137
2,1501
2,510
2,4531
2,1401
2,3914
2,2742
2,2864
2,4571
2,3666
2,587
2,2172
2,4343
2,3948
2,885
2,1297
2,1371
2,1240
2,4246
2,2574
2,181
2,3302
2,2593
2,462
2,1941
2,4177
2,3483
2,3277
2,3886
2,894
2,2935
2,4331
2,4255
2,4636
2,2852
2,2111
2,301
2,210
2,3955
2,152
2,1065
2,79
2,2255
2,3249
2,2500
2,3966
2,946
2,1987
2,2512
2,3214
2,4345
2,760
2,3793
2,175
2,2573
2,2954
2,1055
2,3870
2,3633
2,2262
2,503
2,959
2,2876
2,4204
2,1485
2,2623
2,2947
2,3759
2,1525
2,2995
2,920
2,3790
2,4029
2,3455
2,76
2,4527
2,3015
2,577
2,889
2,3697
2,1241
2,781
2,2412
2,2629
2,1734
2,4275
2,1100
2,2814
2,353
2,1957
2,1758
2,796
2,1775
2,2600
2,923
2,792
2,445
2,3188
2,886
2,4611
2,3140
2,2633
2,1456
2,3113
2,2338
2,3327
2,3256
2,2429
2,1498
2,4321
2,2150
2,3559
2,8
2,2109
2,2107
2,3984
2,100
2,278
2,626
2,918
2,3405
2,490
2,1397
2,2453
2,72
2,4597
2,2266
2,227
2,240
2,3909
2,4473
2,2466
2,1562
2,1164
2,3081
2,699
2,4359
2,3804
2,2872
2,698
2,3078
2,1352
2,63
2,2449
2,2377
2,1089
2,3101
2,4220
2,4288
2,951
2,1259
2,2117
2,60
2,309
2,533
2,1633
2,3719
2,2693
2,4651
2,1591
2,4595
2,1748
2,1570
2,3215
2,2568
2,1640
2,1984
2,1173
2,2273
2,4512
2,3973
2,2001
2,1137
2,4192
2,3689
2,2844
2,3750
2,3755
2,4086
2,1108
2,1718
2,4149
2,4119
2,4126
2,2681
2,2612
2,1655
2,3153
2,681
2,3753
2,3330
2,3857
2,2583
2,3107
2,3777
2,2228
2,1326
2,2906
2,3126
2,754
2,3976
2,2243
2,4613
2,369
2,1088
2,202
2,34
2,4137
2,2302
2,3320
2,77
2,2085
2,248
2,3380
2,2076
2,4132
2,3524
2,3409
2,4539
2,4424
2,3112
2,2506
2,4450
2,4538
2,749
2,3767
2,266
2,259
2,1184
2,3047
2,354
2,4013
2,1316
2,3963
2,1567
2,2047
2,4337
2,983
2,2918
2,2191
2,932
2,4638
2,1913
2,253
2,4009
2,3212
2,3207
2,3684
2,1391
2,4263
2,2265
2,4053
2,1531
2,1586
2,1491
2,2298
2,3042
2,2968
2,2395
2,1551
2,2155
2,1532
2,3459
2,791
2,3952
2,806
2,1628
2,3179
2,3075
2,171
2,596
2,180
2,2246
2,4228
2,1174
2,2837
2,2518
2,3748
2,3895
2,3644
2,310
2,2212
2,4504
2,2546
2,3849
2,2288
2,3511
2,3769
2,4644
2,1459
2,1943
2,2060
2,1114
2,3709
2,865
2,700
2,456
2,1809
2,2962
2,4120
2,1011
2,4579
2,4630
2,4155
2,3259
2,2627
2,1050
2,2733
2,3971
2,4659
2,4214
2,1408
2,3123
2,351
2,1651
2,769
2,995
2,4602
2,1094
2,3868
2,3929
2,1926
2,2704
2,3509
2,4051
2,1636
2,1679
2,717
2,293
2,3510
2,3171
2,4465
2,3026
2,3185
2,721
2,2985
2,92
2,3797
2,642
2,3937
2,3046
2,953
2,575
2,2225
2,2980
2,4382
2,4250
2,276
2,3716
2,4294
2,1772
2,4599
2,3431
2,682
2,2677
2,613
2,598
2,4212
2,2753
2,4109
2,2362
2,1979
2,2160
2,2755
2,2670
2,2483
2,2861
2,3704
2,3289
2,1759
2,3092
2,3842
2,2703
2,1827
2,1571
2,1765
2,1090
2,399
2,2073
2,581
2,685
2,3390
2,1080
2,3507
2,1059
2,1018
2,3440
2,1221
2,1904
2,136
2,908
2,221
2,2875
2,2275
2,1002
2,3801
2,260
2,645
2,70
2,2342
2,3345
2,4298
2,3606
2,3712
2,3195
2,3357
2,2717
2,4519
2,858
2,2987
2,1307
2,4379
2,247
2,2711
2,3137
2,3318
2,3131
2,2616
2,2227
2,1133
2,1079
2,2942
2,239
2,3646
2,3659
2,2606
2,3975
2,2831
2,1657
2,2541
2,2740
2,941
2,4656
2,3758
2,3243
2,4430
2,149
2,2440
2,1921
2,3143
2,1589
2,1831
2,3389
2,1283
2,3541
2,944
2,4179
2,3967
2,3263
2,2174
2,3522
2,244
2,397
2,3840
2,2335
2,1263
2,2757
2,1519
2,1311
2,2719
2,554
2,1098
2,4376
2,518
2,3783
2,668
2,3119
2,2171
2,797
2,4201
2,3882
2,1441
2,3484
2,4488
2,2349
2,1228
2,24
2,4138
2,3943
2,4008
2,2564
2,3737
2,147
2,1612
2,2337
2,508
2,1432
2,2425
2,2485
2,3184
2,312
2,3060
2,6
2,3336
2,382
2,2683
2,1323
2,2274
2,665
2,2431
2,511
2,3883
2,2820
2,4535
2,1813
2,391
2,4477
2,3569
2,1428
2,2136
2,1932
2,2817
2,1906
2,1106
2,3788
2,2309
2,2843
2,1236
2,1448
2,127
2,389
2,182
2,3571
2,968
2,736
2,771
2,3938
2,3165
2,4079
2,4474
2,3766
2,71
2,2552
2,256
2,2961
2,3939
2,407
2,2327
2,1782
2,4461
2,2452
2,3358
2,1516
2,3177
2,740
2,2901
2,1188
2,4536
2,223
2,689
2,1663
2,1496
2,3915
2,3118
2,1540
2,1415
2,158
2,4116
2,2937
2,2381
2,2760
2,3583
2,1820
2,1056
2,215
2,2277
2,2236
2,1004
2,783
2,1005
2,1315
2,2372
2,4030
2,2929
2,3928
2,2034
2,1837
2,926
2,2848
2,2808
2,3908
2,4169
2,2143
2,1583
2,1931
2,1853
2,2976
2,3751
2,2540
2,4043
2,2686
2,1933
2,4334
2,1632
2,4592
2,4616
2,1723
2,751
2,2432
2,1376
2,1249
2,189
2,1847
2,218
2,1688
2,51
2,452
2,2556
2,4508
2,4324
2,487
2,1573
2,4010
2,3680
2,966
2,468
2,675
2,4520
2,1590
2,2179
2,495
2,2858
2,1180
2,1471
2,3560
2,4219
2,1131
2,3037
2,1452
2,2148
2,3252
2,3404
2,1767
2,4378
2,3567
2,3676
2,4307
2,2305
2,80
2,1086
2,1986
3,0
3,2
3,9
3,10
3,15
3,19
3,25
3,28
3,32
3,44
3,46
3,47
3,48
3,56
3,58
3,66
3,75
3,91
3,99
3,114
3,115
3,122
3,124
3,128
3,134
3,142
3,153
3,155
3,156
3,161
3,164
3,165
3,168
3,169
3,190
3,196
3,197
3,200
3,222
3,228
3,229
3,241
3,242
3,243
3,257
3,285
3,290
3,295
3,296
3,302
3,305
3,307
3,308
3,311
3,315
3,324
3,327
3,336
3,338
3,339
3,343
3,348
3,355
3,356
3,367
3,372
3,393
3,406
3,408
3,416
3,427
3,428
3,429
3,431
3,434
3,436
3,438
3,440
3,442
3,448
3,459
3,460
3,461
3,467
3,469
3,474
3,479
3,493
3,514
3,521
3,532
3,541
3,544
3,546
3,548
3,567
3,576
3,590
3,591
3,594
3,603
3,608
3,609
3,614
3,618
3,622
3,627
3,637
3,643
3,659
3,666
3,671
3,678
3,703
3,722
3,723
3,725
3,729
3,730
3,741
3,752
3,764
3,776
3,777
3,782
3,787
3,793
3,799
3,805
3,820
3,834
3,836
3,837
3,842
3,848
3,856
3,857
3,860
3,861
3,871
3,872
3,877
3,880
3,884
3,888
3,890
3,892
3,901
3,907
3,917
3,929
3,942
3,955
3,957
3,973
3,975
3,984
3,988
3,993
3,996
3,1000
3,1010
3,1031
3,1032
3,1035
3,1037
3,1041
3,1044
3,1058
3,1071
3,1082
3,1093
3,1107
3,1110
3,1116
3,1117
3,1127
3,1134
3,1135
3,1144
3,1152
3,1166
3,1168
3,1171
3,1183
3,1186
3,1191
3,1193
3,1201
3,1204
3,1207
3,1211
3,1224
3,1227
3,1237
3,1256
3,1273
3,1280
3,1282
3,1306
3,1318
3,1324
3,1330
3,1339
3,1349
3,1355
3,1357
3,1361
3,1362
3,1364
3,1366
3,1380
3,1381
3,1385
3,1387
3,1393
3,1402
3,1406
3,1410
3,1412
3,1417
3,1418
3,1419
3,1420
3,1427
3,1434
3,1460
3,1467
3,1468
3,1474
3,1482
3,1503
3,1505
3,1508
3,1509
3,1515
3,1537
3,1544
3,1549
3,1550
3,1553
3,1558
3,1577
3,1578
3,1582
3,1595
3,1606
3,1608
3,1611
3,1617
3,1620
3,1622
3,1635
3,1656
3,1659
3,1672
3,1675
3,1683
3,1690
3,1692
3,1696
3,1697
3,1706
3,1727
3,1732
3,1749
3,1764
3,1788
3,1789
3,1790
3,1803
3,1819
3,1824
3,1833
3,1841
3,1852
3,1860
3,1867
3,1869
3,1873
3,1893
3,1897
3,1910
3,1916
3,1920
3,1924
3,1928
3,1948
3,1971
3,1974
3,1975
3,1977
3,1990
3,1992
3,1994
3,2000
3,2005
3,2007
3,2016
3,2020
3,2023
3,2029
3,2033
3,2036
3,2054
3,2056
3,2059
3,2062
3,2069
3,2071
3,2075
3,2081
3,2082
3,2096
3,2099
3,2101
3,2102
3,2120
3,2121
3,2126
3,2131
3,2147
3,2158
3,2164
3,2166
3,2183
3,2184
3,2185
3,2186
3,2190
3,2199
3,2206
3,2208
3,2209
3,2210
3,2234
3,2238
3,2241
3,2245
3,2248
3,2249
3,2268
3,2269
3,2307
3,2310
3,2317
3,2321
3,2326
3,2336
3,2344
3,2345
3,2355
3,2356
3,2358
3,2368
3,2383
3,2385
3,2387
3,2394
3,2402
3,2408
3,2416
3,2418
3,2420
3,2438
3,2441
3,2442
3,2448
3,2456
3,2464
3,2481
3,2499
3,2508
3,2510
3,2511
3,2520
3,2528
3,2530
3,2538
3,2542
3,2553
3,2559
3,2561
3,2563
3,2567
3,2579
3,2596
3,2603
3,2605
3,2607
3,2630
3,2653
3,2656
3,2659
3,2671
3,2676
3,2678
3,2684
3,2695
3,2696
3,2699
3,2702
3,2705
3,2712
3,2715
3,2722
3,2735
3,2741
3,2746
3,2749
3,2758
3,2769
3,2771
3,2777
3,2783
3,2785
3,2787
3,2789
3,2790
3,2796
3,2798
3,2802
3,2805
3,2809
3,2816
3,2828
3,2832
3,2840
3,2841
3,2842
3,2849
3,2859
3,2863
3,2867
3,2868
3,2879
3,2889
3,2895
3,2897
3,2902
3,2905
3,2907
3,2909
3,2912
3,2914
3,2915
3,2919
3,2920
3,2922
3,2932
3,2936
3,2943
3,2946
3,2951
3,2956
3,2957
3,2970
3,2975
3,2978
3,2984
3,2993
3,2996
3,2997
3,3043
3,3044
3,3048
3,3051
3,3053
3,3062
3,3083
3,3102
3,3103
3,3115
3,3122
3,3125
3,3127
3,3128
3,3129
3,3144
3,3161
3,3164
3,3166
3,3175
3,3181
3,3182
3,3193
3,3210
3,3221
3,3229
3,3231
3,3244
3,3258
3,3264
3,3275
3,3278
3,3279
3,3281
3,3292
3,3294
3,3297
3,3314
3,3317
3,3325
3,3331
3,3344
3,3356
3,3360
3,3371
3,3373
3,3379
3,3395
3,3400
3,3410
3,3414
3,3419
3,3425
3,3428
3,3434
3,3436
3,3443
3,3444
3,3448
3,3450
3,3451
3,3454
3,3467
3,3468
3,3469
3,3470
3,3473
3,3478
3,3494
3,3525
3,3528
3,3533
3,3535
3,3537
3,3547
3,3549
3,3550
3,3557
3,3563
3,3564
3,3570
3,3582
3,3598
3,3599
3,3610
3,3613
3,3614
3,3615
3,3620
3,3624
3,3635
3,3649
3,3653
3,3654
3,3664
3,3669
3,3671
3,3683
3,3688
3,3695
3,3701
3,3705
3,3708
3,3721
3,3732
3,3733
3,3735
3,3740
3,3745
3,3757
3,3762
3,3776
3,3786
3,3794
3,3796
3,3805
3,3814
3,3820
3,3824
3,3826
3,3827
3,3828
3,3833
3,3839
3,3845
3,3846
3,3850
3,3852
3,3853
3,3855
3,3866
3,3873
3,3874
3,3875
3,3888
3,3920
3,3931
3,3932
3,3934
3,3940
3,3958
3,3961
3,3962
3,3977
3,3978
3,3985
3,3988
3,3989
3,3993
3,4000
3,4001
3,4015
3,4019
3,4032
3,4035
3,4039
3,4052
3,4054
3,4059
3,4070
3,4071
3,4073
3,4075
3,4076
3,4077
3,4078
3,4089
3,4101
3,4105
3,4108
3,4110
3,4112
3,4117
3,4127
3,4142
3,4146
3,4153
3,4164
3,4167
3,4168
3,4172
3,4174
3,4178
3,4191
3,4197
3,4200
3,4208
3,4211
3,4223
3,4237
3,4243
3,4253
3,4256
3,4257
3,4258
3,4260
3,4269
3,4280
3,4299
3,4302
3,4317
3,4325
3,4340
3,4341
3,4346
3,4351
3,4355
3,4358
3,4364
3,4365
3,4366
3,4367
3,4373
3,4374
3,4384
3,4387
3,4396
3,4399
3,4409
3,4418
3,4422
3,4425
3,4427
3,4432
3,4436
3,4454
3,4456
3,4463
3,4466
3,4472
3,4478
3,4485
3,4492
3,4495
3,4497
3,4507
3,4518
3,4530
3,4533
3,4557
3,4560
3,4562
3,4566
3,4567
3,4574
3,4587
3,4605
3,4618
3,4623
3,4624
3,4626
3,4633
3,4637
3,4640
3,4641
3,4646
3,4655
3,4658
3,127
3,2960
3,3265
3,3442
3,4442
3,4008
3,3141
3,1542
3,4514
3,1914
3,3312
3,3197
3,1621
3,559
3,3059
3,2981
3,3394
3,2610
3,1647
3,1725
3,1236
3,2551
3,1379
3,1898
3,288
3,1368
3,244
3,4006
3,279
3,3964
3,3973
3,1461
3,1297
3,3064
3,1778
3,1844
3,932
3,1881
3,158
3,1146
3,4274
3,3277
3,1084
3,828
3,1605
3,4652
3,2399
3,900
3,3075
3,1531
3,1272
3,3966
3,2225
3,258
3,3579
3,1568
3,4540
3,1261
3,3273
3,985
3,1538
3,171
3,4469
3,3139
3,1813
3,886
3,89
3,4464
3,4392
3,767
3,1861
3,1643
3,1866
3,779
3,389
3,657
3,189
3,653
3,4241
3,4298
3,1633
3,1576
3,2068
3,1095
3,3370
3,3755
3,2259
3,2813
3,3078
3,3812
3,2196
3,387
3,2660
3,3335
3,735
3,3260
3,163
3,2304
3,1170
3,3548
3,1137
3,205
3,2650
3,1153
3,1999
3,3765
3,4141
3,3243
3,3496
3,1777
3,1190
3,3752
3,3318
3,4062
3,209
3,2543
3,3025
3,1747
3,3854
3,4087
3,987
3,412
3,4147
3,364
3,2027
3,3754
3,2988
3,535
3,4551
3,1113
3,2130
3,2982
3,1902
3,979
3,1457
3,2011
3,3035
3,2901
3,1693
3,2117
3,3431
3,90
3,3357
3,516
3,3172
3,3947
3,357
3,1952
3,3236
3,2142
3,636
3,1801
3,1284
3,2866
3,1922
3,4169
3,395
3,1964
3,2327
3,3764
3,2738
3,685
3,2436
3,2572
3,2148
3,2040
3,2109
3,2926
3,668
3,3033
3,520
3,2614
3,2526
3,3718
3,14
3,4229
3,1984
3,1008
3,3891
3,2620
3,3369
3,34
3,3366
3,601
3,4016
3,3213
3,3321
3,2959
3,1098
3,904
3,3045
3,1158
3,3055
3,1906
3,3190
3,3163
3,3409
3,650
3,1244
3,2024
3,292
3,571
3,2885
3,4382
3,2533
3,624
3,3775
3,4549
3,92
3,3285
3,891
3,210
3,1325
3,3389
3,3250
3,3276
3,2839
3,2146
3,4155
3,3072
3,852
3,3007
3,4395
3,2078
3,4330
3,1270
3,3105
3,2791
3,3097
3,306
3,2197
3,264
3,1313
3,4546
3,3562
3,3253
3,2230
3,170
3,1562
3,922
3,4231
3,844
3,2367
3,774
3,4591
3,2255
3,758
3,323
3,1260
3,2693
3,1382
3,533
3,489
3,1303
3,1930
3,1299
3,3737
3,3073
3,1868
3,309
3,4313
3,829
3,1884
3,1756
3,569
3,1074
3,2294
3,3324
3,1488
3,363
3,2911
3,3349
3,4157
3,3914
3,4064
3,4193
3,1050
3,3284
3,4248
3,2192
3,2884
3,1876
3,2037
3,132
3,4023
3,3074
3,3024
3,2026
3,8
3,2677
3,4448
3,531
3,1265
3,783
3,4239
3,3039
3,597
3,4474
3,4316
3,1295
3,2086
3,4650
3,2568
3,2651
3,3868
3,1040
3,4058
3,1481
3,3819
3,1001
3,18
3,1216
3,1416
3,2290
3,2998
3,4133
3,1765
3,2105
3,1985
3,819
3,3171
3,4148
3,4457
3,1150
3,2030
3,2772
3,1552
3,2161
3,4295
3,2187
3,578
3,4195
3,3965
3,236
3,152
3,118
3,3224
3,2644
3,4152
3,4327
3,332
3,100
3,2014
3,4265
3,853
3,4097
3,3960
3,4217
3,1199
3,1371
3,4201
3,1934
3,2474
3,3636
3,301
3,4490
3,3311
3,2329
3,1760
3,4544
3,275
3,181
3,4044
3,2710
3,2273
3,867
3,1798
3,3928
3,4502
3,270
3,2986
3,1857
3,2665
3,1132
3,3137
3,813
3,17
3,3729
3,2281
3,1885
3,4192
3,2608
3,1252
3,362
3,2740
3,2340
3,2634
3,488
3,785
3,1433
3,1686
3,908
3,253
3,3010
3,3194
3,2965
3,2835
3,2778
3,359
3,3192
3,3859
3,1145
3,4461
3,330
3,2744
3,59
3,1006
3,4475
3,2133
3,2432
3,3418
3,3817
3,4630
3,3217
3,2591
3,1108
3,1121
3,4347
3,2893
3,902
3,503
3,3665
3,4600
3,2846
3,2384
3,4261
3,2235
3,821
3,3825
3,1409
3,2053
3,1200
3,1359
3,4535
3,4443
3,1743
3,4276
3,4450
3,106
3,4397
3,1061
3,2962
3,3104
3,454
3,726
3,496
3,255
3,1554
3,2532
3,1668
3,1548
3,823
3,2575
3,248
3,3536
3,3070
3,399
3,3004
3,2991
3,1506
3,1862
3,1644
3,3350
3,2201
3,3983
3,2609
3,1625
3,555
3,1716
3,1469
3,3113
3,2604
3,3407
3,472
3,175
3,2555
3,207
3,4111
3,1389
3,607
3,1203
3,2261
3,2318
3,1935
3,3219
3,3632
3,4498
3,545
3,1899
3,4202
3,3421
3,4046
3,1049
3,2541
3,4149
3,3785
3,3741
3,201
3,4362
3,2768
3,3783
3,3744
3,3015
3,1487
3,1775
3,602
3,231
3,1239
3,2484
3,1343
3,3108
3,3714
3,4565
3,3237
3,4083
3,899
3,2116
3,4065
3,430
3,4176
3,2077
3,1712
3,4554
3,2600
3,629
3,2829
3,1809
3,3036
3,3719
3,1513
3,1800
3,2815
3,2413
3,1557
3,1942
3,154
3,4185
3,141
3,3663
3,65
3,3060
3,1917
3,1251
3,3046
3,934
3,1059
3,1004
3,2486
3,2558
3,3924
3,1017
3,3256
3,682
3,2887
3,1569
3,4220
3,2455
3,215
3,3359
3,1432
3,3186
3,352
3,2580
3,186
3,392
3,1039
3,2389
3,2810
3,1618
3,81
3,1455
3,4161
3,1477
3,1710
3,3466
3,2967
3,1880
3,2527
3,1518
3,866
3,4356
3,1456
3,3479
3,931
3,2871
3,3911
3,2396
3,2257
3,3387
3,2285
3,2779
3,1907
3,3393
3,3225
3,1634
3,2414
3,293
3,584
3,183
3,2331
3,2419
3,4494
3,341
3,3445
3,4187
3,3262
3,2593
3,3157
3,1176
3,4584
3,4040
3,3116
3,2733
3,4215
3,2214
3,3054
3,1905
3,3871
3,2904
3,1396
3,2759
3,2452
3,4131
3,3199
3,260
3,4519
3,150
3,1214
3,1122
3,4520
3,2903
3,2577
3,570
3,3180
3,3201
3,2118
3,4348
3,1328
3,133
3,4601
3,2140
3,1259
3,471
3,2681
3,4050
3,3216
3,1399
3,2070
3,527
3,3593
3,3637
3,3119
3,1510
3,4499
3,2244
3,3432
3,433
3,916
3,4381
3,2507
3,4579
3,3305
3,600
3,4606
3,3734
3,347
3,1483
3,4293
3,4254
3,3797
3,1911
3,2850
3,3095
3,4203
3,692
3,2265
3,60
3,1022
3,1181
3,1269
3,3505
3,1471
3,2679
3,4604
3,4388
3,3234
3,1048
3,379
3,4063
3,2003
3,2531
3,2425
3,2864
3,3274
3,4020
3,4368
3,2364
3,4285
3,1462
3,2159
3,598
3,3487
3,4343
3,4590
3,4586
3,272
3,2521
3,631
3,252
3,3707
3,4433
3,2404
3,933
3,212
3,1581
3,2640
3,1875
3,2112
3,2736
3,1094
3,1453
4,0
4,2
4,9
4,10
4,15
4,19
4,25
4,28
4,32
4,44
4,46
4,47
4,48
4,56
4,58
4,66
4,75
4,91
4,99
4,114
4,115
4,122
4,124
4,128
4,134
4,142
4,153
4,155
4,156
4,161
4,164
4,165
4,168
4,169
4,190
4,196
4,197
4,200
4,222
4,228
4,229
4,241
4,242
4,243
4,257
4,285
4,290
4,295
4,296
4,302
4,305
4,307
4,308
4,311
4,315
4,324
4,327
4,336
4,338
4,339
4,343
4,348
4,355
4,356
4,367
4,372
4,393
4,406
4,408
4,416
4,427
4,428
4,429
4,431
4,434
4,436
4,438
4,440
4,442
4,448
4,459
4,460
4,461
4,467
4,469
4,474
4,479
4,493
4,514
4,521
4,532
4,541
4,544
4,546
4,548
4,567
4,576
4,590
4,591
4,594
4,603
4,608
4,609
4,614
4,618
4,622
4,627
4,637
4,643
4,659
4,666
4,671
4,678
4,703
4,722
4,723
4,725
4,729
4,730
4,741
4,752
4,764
4,776
4,777
4,782
4,787
4,793
4,799
4,805
4,820
4,834
4,836
4,837
4,842
4,848
4,856
4,857
4,860
4,861
4,871
4,872
4,877
4,880
4,884
4,888
4,890
4,892
4,901
4,907
4,917
4,929
4,942
4,955
4,957
4,973
4,975
4,984
4,988
4,993
4,996
4,1000
4,1010
4,1031
4,1032
4,1035
4,1037
4,1041
4,1044
4,1058
4,1071
4,1082
4,1093
4,1107
4,1110
4,1116
4,1117
4,1127
4,1134
4,1135
4,1144
4,1152
4,1166
4,1168
4,1171
4,1183
4,1186
4,1191
4,1193
4,1201
4,1204
4,1207
4,1211
4,1224
4,1227
4,1237
4,1256
4,1273
4,1280
4,1282
4,1306
4,1318
4,1324
4,1330
4,1339
4,1349
4,1355
4,1357
4,1361
4,1362
4,1364
4,1366
4,1380
4,1381
4,1385
4,1387
4,1393
4,1402
4,1406
4,1410
4,1412
4,1417
4,1418
4,1419
4,1420
4,1427
4,1434
4,1460
4,1467
4,1468
4,1474
4,1482
4,1503
4,1505
4,1508
4,1509
4,1515
4,1537
4,1544
4,1549
4,1550
4,1553
4,1558
4,1577
4,1578
4,1582
4,1595
4,1606
4,1608
4,1611
4,1617
4,1620
4,1622
4,1635
4,1656
4,1659
4,1672
4,1675
4,1683
4,1690
4,1692
4,1696
4,1697
4,1706
4,1727
4,1732
4,1749
4,1764
4,1788
4,1789
4,1790
4,1803
4,1819
4,1824
4,1833
4,1841
4,1852
4,1860
4,1867
4,1869
4,1873
4,1893
4,1897
4,1910
4,1916
4,1920
4,1924
4,1928
4,1948
4,1971
4,1974
4,1975
4,1977
4,1990
4,1992
4,1994
4,2000
4,2005
4,2007
4,2016
4,2020
4,2023
4,2029
4,2033
4,2036
4,2054
4,2056
4,2059
4,2062
4,2069
4,2071
4,2075
4,2081
4,2082
4,2096
4,2099
4,2101
4,2102
4,2120
4,2121
4,2126
4,2131
4,2147
4,2158
4,2164
4,2166
4,2183
4,2184
4,2185
4,2186
4,2190
4,2199
4,2206
4,2208
4,2209
4,2210
4,2234
4,2238
4,2241
4,2245
4,2248
4,2249
4,2268
4,2269
4,2307
4,2310
4,2317
4,2321
4,2326
4,2336
4,2344
4,2345
4,2355
4,2356
4,2358
4,2368
4,2383
4,2385
4,2387
4,2394
4,2402
4,2408
4,2416
4,2418
4,2420
4,2438
4,2441
4,2442
4,2448
4,2456
4,2464
4,2481
4,2499
4,2508
4,2510
4,2511
4,2520
4,2528
4,2530
4,2538
4,2542
4,2553
4,2559
4,2561
4,2563
4,2567
4,2579
4,2596
4,2603
4,2605
4,2607
4,2630
4,2653
4,2656
4,2659
4,2671
4,2676
4,2678
4,2684
4,2695
4,2696
4,2699
4,2702
4,2705
4,2712
4,2715
4,2722
4,2735
4,2741
4,2746
4,2749
4,2758
4,2769
4,2771
4,2777
4,2783
4,2785
4,2787
4,2789
4,2790
4,2796
4,2798
4,2802
4,2805
4,2809
4,2816
4,2828
4,2832
4,2840
4,2841
4,2842
4,2849
4,2859
4,2863
4,2867
4,2868
4,2879
4,2889
4,2895
4,2897
4,2902
4,2905
4,2907
4,2909
4,2912
4,2914
4,2915
4,2919
4,2920
4,2922
4,2932
4,2936
4,2943
4,2946
4,2951
4,2956
4,2957
4,2970
4,2975
4,2978
4,2984
4,2993
4,2996
4,2997
4,3043
4,3044
4,3048
4,3051
4,3053
4,3062
4,3083
4,3102
4,3103
4,3115
4,3122
4,3125
4,3127
4,3128
4,3129
4,3144
4,3161
4,3164
4,3166
4,3175
4,3181
4,3182
4,3193
4,3210
4,3221
4,3229
4,3231
4,3244
4,3258
4,3264
4,3275
4,3278
4,3279
4,3281
4,3292
4,3294
4,3297
4,3314
4,3317
4,3325
4,3331
4,3344
4,3356
4,3360
4,3371
4,3373
4,3379
4,3395
4,3400
4,3410
4,3414
4,3419
4,3425
4,3428
4,3434
4,3436
4,3443
4,3444
4,3448
4,3450
4,3451
4,3454
4,3467
4,3468
4,3469
4,3470
4,3473
4,3478
4,3494
4,3525
4,3528
4,3533
4,3535
4,3537
4,3547
4,3549
4,3550
4,3557
4,3563
4,3564
4,3570
4,3582
4,3598
4,3599
4,3610
4,3613
4,3614
4,3615
4,3620
4,3624
4,3635
4,3649
4,3653
4,3654
4,3664
4,3669
4,3671
4,3683
4,3688
4,3695
4,3701
4,3705
4,3708
4,3721
4,3732
4,3733
4,3735
4,3740
4,3745
4,3757
4,3762
4,3776
4,3786
4,3794
4,3796
4,3805
4,3814
4,3820
4,3824
4,3826
4,3827
4,3828
4,3833
4,3839
4,3845
4,3846
4,3850
4,3852
4,3853
4,3855
4,3866
4,3873
4,3874
4,3875
4,3888
4,3920
4,3931
4,3932
4,3934
4,3940
4,3958
4,3961
4,3962
4,3977
4,3978
4,3985
4,3988
4,3989
4,3993
4,4000
4,4001
4,4015
4,4019
4,4032
4,4035
4,4039
4,4052
4,4054
4,4059
4,4070
4,4071
4,4073
4,4075
4,4076
4,4077
4,4078
4,4089
4,4101
4,4105
4,4108
4,4110
4,4112
4,4117
4,4127
4,4142
4,4146
4,4153
4,4164
4,4167
4,4168
4,4172
4,4174
4,4178
4,4191
4,4197
4,4200
4,4208
4,4211
4,4223
4,4237
4,4243
4,4253
4,4256
4,4257
4,4258
4,4260
4,4269
4,4280
4,4299
4,4302
4,4317
4,4325
4,4340
4,4341
4,4346
4,4351
4,4355
4,4358
4,4364
4,4365
4,4366
4,4367
4,4373
4,4374
4,4384
4,4387
4,4396
4,4399
4,4409
4,4418
4,4422
4,4425
4,4427
4,4432
4,4436
4,4454
4,4456
4,4463
4,4466
4,4472
4,4478
4,4485
4,4492
4,4495
4,4497
4,4507
4,4518
4,4530
4,4533
4,4557
4,4560
4,4562
4,4566
4,4567
4,4574
4,4587
4,4605
4,4618
4,4623
4,4624
4,4626
4,4633
4,4637
4,4640
4,4641
4,4646
4,4655
4,4658
4,3117
4,127
4,2143
4,2263
4,4027
4,16
4,138
4,3372
4,3248
4,1834
4,292
4,1572
4,3137
4,4109
4,1844
4,163
4,4529
4,1172
4,932
4,1413
4,719
4,2755
4,2891
4,3700
4,3032
4,214
4,1859
4,2689
4,2253
4,3662
4,2469
4,2483
4,2333
4,4020
4,2773
4,237
4,4592
4,4121
4,4630
4,1441
4,3019
4,977
4,3224
4,3778
4,2215
4,3420
4,2815
4,2989
4,4660
4,381
4,794
4,919
4,3591
4,3880
4,4207
4,1579
4,4614
4,1295
4,4275
4,3657
4,2775
4,3859
4,1512
4,484
4,974
4,192
4,924
4,4545
4,3975
4,2539
4,2862
4,3558
4,1477
4,1111
4,492
4,653
4,1090
4,2072
4,1966
4,1132
4,2973
4,639
4,2826
4,788
4,3327
4,4590
4,4649
4,3153
4,3173
4,2535
4,3675
4,2399
4,3579
4,341
4,1663
4,948
4,22
4,810
4,1203
4,3326
4,1126
4,2261
4,2981
4,2076
4,2952
4,3366
4,2362
4,3212
4,4085
4,3319
4,1631
4,1693
4,4074
4,1483
4,4582
4,2847
4,4184
4,1742
4,3803
4,768
4,2733
4,4113
4,259
4,2972
4,3424
4,3188
4,4443
4,3536
4,2091
4,3236
4,2526
4,1445
4,2552
4,3042
4,3490
4,1570
4,970
4,3028
4,771
4,1962
4,3296
4,2024
4,1561
4,1871
4,1006
4,4175
4,2228
4,1444
4,4571
4,2119
4,4385
4,1182
4,2290
4,2523
4,3908
4,2515
4,2424
4,2652
4,1271
4,1151
4,1638
4,4607
4,3476
4,456
4,1956
4,262
4,2768
4,4245
4,3312
4,3857
4,4521
4,2544
4,1729
4,3825
4,4528
4,1296
4,3214
4,1054
4,2933
4,3674
4,4149
4,1674
4,1288
4,2977
4,1241
4,3462
4,3759
4,1481
4,1761
4,4133
4,267
4,4461
4,3836
4,2570
4,4575
4,4098
4,1517
4,517
4,2921
4,1149
4,2006
4,780
4,2272
4,1484
4,4348
4,3636
4,4563
4,4350
4,2361
4,254
4,4143
4,2474
4,1316
4,1913
4,3177
4,1499
4,1426
4,1281
4,965
4,4512
4,2155
4,1633
4,4231
4,69
4,1164
4,1510
4,3652
4,925
4,4295
4,471
4,1516
4,2734
4,1997
4,2955
4,2339
4,2770
4,3385
4,2686
4,939
4,2663
4,3269
4,1170
4,3268
4,2756
4,1563
4,3479
4,1378
4,2543
4,3963
4,477
4,119
4,3576
4,1734
4,1984
4,2577
4,519
4,728
4,50
4,3923
4,3556
4,573
4,4411
4,811
4,1145
4,1500
4,3100
4,1650
4,1613
4,814
4,423
4,565
4,2224
4,3131
4,3868
4,2928
4,1407
4,2869
4,4170
4,4383
4,972
4,464
4,1889
4,358
4,2013
4,558
4,27
4,1230
4,3856
4,1691
4,4091
4,3390
4,2799
4,3938
4,4043
4,2851
4,2282
4,922
4,1616
4,3488
4,3723
4,1486
4,4645
4,2864
4,3485
4,3578
4,4010
4,2587
4,1980
4,575
4,3842
4,1755
4,2371
4,945
4,468
4,1305
4,4546
4,3628
4,1969
4,2395
4,2633
4,2497
4,2945
4,234
4,303
4,4476
4,4177
4,2316
4,23
4,3386
4,1940
4,3527
4,4315
4,1319
4,572
4,512
4,3996
4,949
4,2938
4,3667
4,4147
4,4493
4,1757
4,4509
4,3010
4,4056
4,4522
4,106
4,272
4,1497
4,2687
4,1925
4,4241
4,670
4,1744
4,2723
4,2950
4,3503
4,3501
4,2527
4,2556
4,76
4,2649
4,1437
4,981
4,1805
4,2487
4,4084
4,3941
4,1906
4,2588
4,630
4,107
4,1625
4,4309
4,317
4,3346
4,3333
4,2866
4,617
4,1262
4,4013
4,3457
4,263
4,672
4,3911
4,832
4,2614
4,1680
4,318
4,691
4,612
4,1390
4,4030
4,2093
4,1229
4,3047
4,2532
4,1254
4,4233
4,1836
4,322
4,235
4,4534
4,2167
4,2083
4,1785
4,2994
4,450
4,2835
4,1531
4,3886
4,4610
4,1929
4,360
4,96
4,4125
4,3819
4,1386
4,3265
4,1592
4,3748
4,1099
4,1088
4,4579
4,2504
4,1965
4,1414
4,2865
4,1699
4,1289
4,1964
4,4093
4,3775
4,2923
4,873
4,226
4,2738
4,589
4,3354
4,4111
4,3267
4,1881
4,4391
4,4490
4,1160
4,4273
4,3551
4,1036
4,3569
4,4555
4,4016
4,1179
4,3008
4,562
4,1494
4,2434
4,233
4,3546
4,1397
4,2707
4,374
4,3377
4,2779
4,1095
4,2308
4,2430
4,3002
4,385
4,2439
4,3401
4,1710
4,1401
4,1787
4,3396
4,1645
4,3976
4,611
4,2376
4,844
4,3519
4,213
4,4026
4,1360
4,821
4,3206
4,1225
4,2856
4,1959
4,3208
4,3619
4,4599
4,1498
4,369
4,1588
4,2505
4,2669
4,277
4,2334
4,3458
4,936
4,607
4,349
4,1596
4,2191
4,4516
4,1634
4,280
4,1307
4,1666
4,3402
4,683
4,395
4,204
4,2995
4,1528
4,3964
4,4446
4,4486
4,2772
4,1821
4,2077
4,2887
4,2335
4,2982
4,3990
4,4320
4,4311
4,605
4,731
4,4131
4,3847
4,2145
4,473
4,1536
4,2629
4,759
4,1702
4,4471
4,2858
4,4656
4,1009
4,3262
4,1350
4,2450
4,535
4,4444
4,2128
4,3502
4,175
4,1866
4,3252
4,378
4,2801
4,4005
4,2202
4,2328
4,2193
4,457
4,2204
4,1156
4,2781
4,870
4,4206
4,649
4,2831
4,685
4,3746
4,3090
4,3183
4,2506
4,963
4,2377
4,4259
4,1233
4,2626
4,2886
4,268
4,12
4,3037
4,275
4,2662
4,4205
4,3573
4,1447
4,2612
4,4416
4,3110
4,1195
4,2613
4,1559
4,518
4,4570
4,386
4,4619
4,4638
4,1628
4,2040
4,3005
4,2534
4,2820
4,424
4,3526
4,2136
4,1100
4,583
4,3323
4,117
4,3007
4,1161
4,171
4,4215
4,4572
4,4527
4,2616
4,1178
4,449
4,2642
4,4400
4,350
4,3685
4,3308
4,3905
4,1759
4,3617
4,2159
4,1890
4,1612
4,1865
4,496
4,1098
4,1752
4,621
4,3521
4,4145
4,483
4,4347
4,3184
4,4006
4,52
4,3064
4,577
4,2776
4,1231
4,1286
4,3751
4,1215
4,1623
4,3253
4,912
4,2500
4,1228
4,3330
4,1885
4,1978
4,3352
4,593
4,815
4,55
4,2398
4,2173
4,3689
4,3159
4,3126
4,2822
4,17
4,3516
4,274
4,2277
4,2108
4,2852
4,3031
4,2872
4,1359
4,1705
4,690
4,2814
4,600
4,2934
4,331
4,4612
4,84
4,137
4,3806
4,1539
4,1290
4,1432
4,986
4,1996
4,934
4,1300
4,4061
4,1682
4,2490
4,4505
4,1060
4,3074
4,351
4,2279
4,4236
4,2146
4,1621
4,445
4,3597
4,4421
4,2709
4,3225
4,809
4,1726
4,1077
4,1451
4,454
4,998
4,3050
4,4134
4,489
4,1175
4,3555
4,2665
4,1876
4,2407
4,3903
5,0
5,2
5,9
5,10
5,15
5,19
5,25
5,28
5,32
5,44
5,46
5,47
5,48
5,56
5,58
5,66
5,75
5,91
5,99
5,114
5,115
5,122
5,124
5,128
5,134
5,142
5,153
5,155
5,156
5,161
5,164
5,165
5,168
5,169
5,190
5,196
5,197
5,200
5,222
5,228
5,229
5,241
5,242
5,243
5,257
5,285
5,290
5,295
5,296
5,302
5,305
5,307
5,308
5,311
5,315
5,324
5,327
5,336
5,338
5,339
5,343
5,348
5,355
5,356
5,367
5,372
5,393
5,406
5,408
5,416
5,427
5,428
5,429
5,431
5,434
5,436
5,438
5,440
5,442
5,448
5,459
5,460
5,461
5,467
5,469
5,474
5,479
5,493
5,514
5,521
5,532
5,541
5,544
5,546
5,548
5,567
5,576
5,590
5,591
5,594
5,603
5,608
5,609
5,614
5,618
5,622
5,627
5,637
5,643
5,659
5,666
5,671
5,678
5,703
5,722
5,723
5,725
5,729
5,730
5,741
5,752
5,764
5,776
5,777
5,782
5,787
5,793
5,799
5,805
5,820
5,834
5,836
5,837
5,842
5,848
5,856
5,857
5,860
5,861
5,871
5,872
5,877
5,880
5,884
5,888
5,890
5,892
5,901
5,907
5,917
5,929
5,942
5,955
5,957
5,973
5,975
5,984
5,988
5,993
5,996
5,1000
5,1010
5,1031
5,1032
5,1035
5,1037
5,1041
5,1044
5,1058
5,1071
5,1082
5,1093
5,1107
5,1110
5,1116
5,1117
5,1127
5,1134
5,1135
5,1144
5,1152
5,1166
5,1168
5,1171
5,1183
5,1186
5,1191
5,1193
5,1201
5,1204
5,1207
5,1211
5,1224
5,1227
5,1237
5,1256
5,1273
5,1280
5,1282
5,1306
5,1318
5,1324
5,1330
5,1339
5,1349
5,1355
5,1357
5,1361
5,1362
5,1364
5,1366
5,1380
5,1381
5,1385
5,1387
5,1393
5,1402
5,1406
5,1410
5,1412
5,1417
5,1418
5,1419
5,1420
5,1427
5,1434
5,1460
5,1467
5,1468
5,1474
5,1482
5,1503
5,1505
5,1508
5,1509
5,1515
5,1537
5,1544
5,1549
5,1550
5,1553
5,1558
5,1577
5,1578
5,1582
5,1595
5,1606
5,1608
5,1611
5,1617
5,1620
5,1622
5,1635
5,1656
5,1659
5,1672
5,1675
5,1683
5,1690
5,1692
5,1696
5,1697
5,1706
5,1727
5,1732
5,1749
5,1764
5,1788
5,1789
5,1790
5,1803
5,1819
5,1824
5,1833
5,1841
5,1852
5,1860
5,1867
5,1869
5,1873
5,1893
5,1897
5,1910
5,1916
5,1920
5,1924
5,1928
5,1948
5,1971
5,1974
5,1975
5,1977
5,1990
5,1992
5,1994
5,2000
5,2005
5,2007
5,2016
5,2020
5,2023
5,2029
5,2033
5,2036
5,2054
5,2056
5,2059
5,2062
5,2069
5,2071
5,2075
5,2081
5,2082
5,2096
5,2099
5,2101
5,2102
5,2120
5,2121
5,2126
5,2131
5,2147
5,2158
5,2164
5,2166
5,2183
5,2184
5,2185
5,2186
5,2190
5,2199
5,2206
5,2208
5,2209
5,2210
5,2234
5,2238
5,2241
5,2245
5,2248
5,2249
5,2268
5,2269
5,2307
5,2310
5,2317
5,2321
5,2326
5,2336
5,2344
5,2345
5,2355
5,2356
5,2358
5,2368
5,2383
5,2385
5,2387
5,2394
5,2402
5,2408
5,2416
5,2418
5,2420
5,2438
5,2441
5,2442
5,2448
5,2456
5,2464
5,2481
5,2499
5,2508
5,2510
5,2511
5,2520
5,2528
5,2530
5,2538
5,2542
5,2553
5,2559
5,2561
5,2563
5,2567
5,2579
5,2596
5,2603
5,2605
5,2607
5,2630
5,2653
5,2656
5,2659
5,2671
5,2676
5,2678
5,2684
5,2695
5,2696
5,2699
5,2702
5,2705
5,2712
5,2715
5,2722
5,2735
5,2741
5,2746
5,2749
5,2758
5,2769
5,2771
5,2777
5,2783
5,2785
5,2787
5,2789
5,2790
5,2796
5,2798
5,2802
5,2805
5,2809
5,2816
5,2828
5,2832
5,2840
5,2841
5,2842
5,2849
5,2859
5,2863
5,2867
5,2868
5,2879
5,2889
5,2895
5,2897
5,2902
5,2905
5,2907
5,2909
5,2912
5,2914
5,2915
5,2919
5,2920
5,2922
5,2932
5,2936
5,2943
5,2946
5,2951
5,2956
5,2957
5,2970
5,2975
5,2978
5,2984
5,2993
5,2996
5,2997
5,3043
5,3044
5,3048
5,3051
5,3053
5,3062
5,3083
5,3102
5,3103
5,3115
5,3122
5,3125
5,3127
5,3128
5,3129
5,3144
5,3161
5,3164
5,3166
5,3175
5,3181
5,3182
5,3193
5,3210
5,3221
5,3229
5,3231
5,3244
5,3258
5,3264
5,3275
5,3278
5,3279
5,3281
5,3292
5,3294
5,3297
5,3314
5,3317
5,3325
5,3331
5,3344
5,3356
5,3360
5,3371
5,3373
5,3379
5,3395
5,3400
5,3410
5,3414
5,3419
5,3425
5,3428
5,3434
5,3436
5,3443
5,3444
5,3448
5,3450
5,3451
5,3454
5,3467
5,3468
5,3469
5,3470
5,3473
5,3478
5,3494
5,3525
5,3528
5,3533
5,3535
5,3537
5,3547
5,3549
5,3550
5,3557
5,3563
5,3564
5,3570
5,3582
5,3598
5,3599
5,3610
5,3613
5,3614
5,3615
5,3620
5,3624
5,3635
5,3649
5,3653
5,3654
5,3664
5,3669
5,3671
5,3683
5,3688
5,3695
5,3701
5,3705
5,3708
5,3721
5,3732
5,3733
5,3735
5,3740
5,3745
5,3757
5,3762
5,3776
5,3786
5,3794
5,3796
5,3805
5,3814
5,3820
5,3824
5,3826
5,3827
5,3828
5,3833
5,3839
5,3845
5,3846
5,3850
5,3852
5,3853
5,3855
5,3866
5,3873
5,3874
5,3875
5,3888
5,3920
5,3931
5,3932
5,3934
5,3940
5,3958
5,3961
5,3962
5,3977
5,3978
5,3985
5,3988
5,3989
5,3993
5,4000
5,4001
5,4015
5,4019
5,4032
5,4035
5,4039
5,4052
5,4054
5,4059
5,4070
5,4071
5,4073
5,4075
5,4076
5,4077
5,4078
5,4089
5,4101
5,4105
5,4108
5,4110
5,4112
5,4117
5,4127
5,4142
5,4146
5,4153
5,4164
5,4167
5,4168
5,4172
5,4174
5,4178
5,4191
5,4197
5,4200
5,4208
5,4211
5,4223
5,4237
5,4243
5,4253
5,4256
5,4257
5,4258
5,4260
5,4269
5,4280
5,4299
5,4302
5,4317
5,4325
5,4340
5,4341
5,4346
5,4351
5,4355
5,4358
5,4364
5,4365
5,4366
5,4367
5,4373
5,4374
5,4384
5,4387
5,4396
5,4399
5,4409
5,4418
5,4422
5,4425
5,4427
5,4432
5,4436
5,4454
5,4456
5,4463
5,4466
5,4472
5,4478
5,4485
5,4492
5,4495
5,4497
5,4507
5,4518
5,4530
5,4533
5,4557
5,4560
5,4562
5,4566
5,4567
5,4574
5,4587
5,4605
5,4618
5,4623
5,4624
5,4626
5,4633
5,4637
5,4640
5,4641
5,4646
5,4655
5,4658
5,180
5,3322
5,1906
5,2504
5,694
5,847
5,3160
5,3761
5,740
5,2451
5,712
5,1931
5,864
5,4434
5,4416
5,2756
5,320
5,3506
5,766
5,2228
5,3374
5,3592
5,1240
5,1642
5,743
5,2369
5,3830
5,2679
5,43
5,772
5,1726
5,4176
5,4170
5,1584
5,1932
5,2320
5,1345
5,518
5,4319
5,3378
5,866
5,547
5,1142
5,695
5,1937
5,756
5,4034
5,2560
5,925
5,1714
5,853
5,3447
5,4225
5,2330
5,376
5,685
5,2876
5,3466
5,166
5,539
5,3493
5,1090
5,1751
5,97
5,3722
5,2339
5,3010
5,3987
5,3602
5,753
5,21
5,933
5,1313
5,335
5,3518
5,187
5,1574
5,4296
5,1664
5,3290
5,4394
5,4403
5,1495
5,1885
5,586
5,1203
5,639
5,2662
5,2485
5,3046
5,2100
5,2786
5,7
5,1050
5,2447
5,4175
5,4113
5,4145
5,3380
5,3487
5,1760
5,1783
5,3700
5,3307
5,3899
5,1862
5,3860
5,68
5,692
5,3333
5,2616
5,337
5,3538
5,4604
5,3324
5,4087
5,2804
5,1126
5,430
5,1
5,3018
5,2686
5,1128
5,4594
5,118
5,1176
5,4233
5,1292
5,870
5,2144
5,3831
5,876
5,1674
5,103
5,498
5,3864
5,2113
5,3065
5,1455
5,1247
5,3544
5,3118
5,1821
5,897
5,2193
5,1957
5,2908
5,452
5,4622
5,3471
5,597
5,3807
5,2646
5,4261
5,1432
5,1896
5,1022
5,2396
5,4183
5,2728
5,1837
5,3973
5,2077
5,3746
5,270
5,912
5,162
5,3286
5,2111
5,1346
5,4405
5,1331
5,3524
5,1451
5,3593
5,217
5,2282
5,2045
5,3285
5,4308
5,4651
5,3543
5,738
5,2547
5,1678
5,1754
5,3037
5,3189
5,1275
5,802
5,1701
5,997
5,3067
5,1856
5,210
5,1490
5,4650
5,325
5,239
5,2574
5,3791
5,377
5,634
5,2338
5,3554
5,1258
5,4029
5,1125
5,2382
5,3200
5,2070
5,2258
5,3863
5,4595
5,3357
5,275
5,2305
5,225
5,4474
5,379
5,960
5,1011
5,2628
5,3905
5,1702
5,3460
5,736
5,3540
5,3303
5,2106
5,4401
5,1831
5,3995
5,3939
5,1005
5,938
5,1768
5,2624
5,2489
5,4137
5,771
5,4027
5,3485
5,906
5,1336
5,2583
5,4534
5,383
5,2930
5,956
5,3880
5,3558
5,1695
5,468
5,700
5,2622
5,2729
5,251
5,1094
5,76
5,3209
5,1640
5,698
5,445
5,2494
5,2926
5,2294
5,488
5,2505
5,2898
5,384
5,3339
5,3679
5,3318
5,2974
5,1740
5,1157
5,1422
5,167
5,1440
5,1712
5,3694
5,4544
5,2381
5,3890
5,2666
5,1765
5,2963
5,332
5,1723
5,1067
5,149
5,4470
5,522
5,4002
5,2122
5,2124
5,2322
5,3508
5,1993
5,1903
5,4489
5,456
5,77
5,3214
5,926
5,2737
5,3015
5,2465
5,2346
5,1309
5,3498
5,2207
5,392
5,71
5,4615
5,2526
5,3579
5,304
5,1590
5,2954
5,3202
5,3014
5,1180
5,480
5,4188
5,573
5,3475
5,1433
5,106
5,2352
5,3951
5,1181
5,1729
5,1748
5,3607
5,3629
5,4006
5,4324
5,1716
5,364
5,3237
5,1637
5,3949
5,2044
5,1367
5,1866
5,696
5,3707
5,3657
5,536
5,2034
5,1641
5,4388
5,886
5,3036
5,74
5,1298
5,4262
5,4046
5,788
5,1310
5,3847
5,4311
5,1847
5,2002
5,3588
5,3585
5,3723
5,2947
5,1914
5,2272
5,2240
5,2532
5,2024
5,3399
5,4441
5,4177
5,3403
5,1561
5,2938
5,2967
5,3637
5,2572
5,1646
5,3778
5,4531
5,1297
5,3559
5,2854
5,4303
5,3388
5,747
5,1382
5,1034
5,1421
5,1663
5,253
5,3885
5,2492
5,3183
5,294
5,2412
5,2519
5,4326
5,3159
5,3246
5,934
5,4222
5,3921
5,160
5,2411
5,321
5,1545
5,2445
5,3086
5,4320
5,397
5,1651
5,1986
5,2191
5,3223
5,1816
5,1673
5,4395
5,464
5,385
5,1091
5,1985
5,2788
5,1463
5,1522
5,562
5,4501
5,3516
5,3501
5,1710
5,2055
5,626
5,1854
5,3464
5,2670
5,803
5,515
5,3341
5,4610
5,1092
5,1190
5,265
5,1951
5,485
5,851
5,4597
5,2167
5,4412
5,529
5,2562
5,2617
5,1892
5,2940
5,1187
5,69
5,971
5,3561
5,2058
5,3626
5,2342
5,3486
5,1151
5,147
5,2428
5,3928
5,1694
5,550
5,2281
5,3996
5,1458
5,790
5,574
5,3956
5,3787
5,1109
5,2580
5,2128
5,487
5,2719
5,176
5,2667
5,1373
5,1834
5,3201
5,2766
5,2716
5,4023
5,4400
5,774
5,230
5,3003
5,1182
5,1334
5,3566
5,1184
5,3618
5,4558
5,1829
5,4499
5,2685
5,2994
5,1517
5,534
5,3974
5,1956
5,4028
5,78
5,3639
5,824
5,3346
5,809
5,2687
5,3730
5,961
5,2591
5,3050
5,286
5,2972
5,1724
5,859
5,1447
5,2047
5,344
5,365
5,4286
5,2565
5,4272
5,3818
5,2145
5,4206
5,4459
5,2231
5,415
5,4449
5,1303
5,4380
5,3907
5,1341
5,3230
5,2116
5,4310
5,2593
5,940
5,3361
5,4091
5,1633
5,205
5,387
5,1063
5,951
5,1452
5,2953
5,2004
5,301
5,2548
5,1521
5,2713
5,3025
5,3678
5,893
5,2810
5,374
5,3138
5,3057
5,14
5,4553
5,2114
5,287
5,658
5,4263
5,3377
5,2437
5,589
5,3198
5,1337
5,827
5,2019
5,931
5,928
5,1625
5,1567
5,2894
5,1848
5,2262
5,1607
5,910
5,1799
5,4519
5,2527
5,2708
5,4189
5,2896
5,2939
5,3659
5,1838
5,2823
5,1763
5,1883
5,2012
5,1409
5,540
5,2518
5,2869
5,3763
5,2577
5,3187
5,2851
5,3348
5,3870
5,2429
5,373
5,4287
5,4606
5,2050
5,4315
5,1662
5,1830
5,4057
5,4053
5,2864
5,632
5,3698
5,3491
5,1568
5,3080
5,2513
5,354
5,3358
5,4056
5,4648
5,1564
5,3000
5,2850
5,557
5,4016
5,4230
5,1670
5,4255
5,262
5,248
5,1221
5,949
5,2979
5,4008
5,2773
5,775
5,3311
5,3412
5,3754
5,3693
5,1276
5,368
5,1408
5,1679
5,1822
5,2980
5,398
5,4309
5,619
5,863
5,4122
5,3998
5,577
5,3551
5,1351
5,3840
5,1486
5,4627
5,1658
5,3359
5,3298
5,3049
5,1757
5,3663
5,3364
5,2570
5,3612
5,170
5,3784
5,2430
5,3009
5,2507
5,4228
5,2636
5,3176
5,4009
5,35
5,1301
5,855
5,3798
5,312
5,1293
5,2537
5,3245
5,3909
5,3895
5,2379
5,1027
5,2332
5,4334
5,1950
5,1401
5,1872
5,617
5,1245
5,2971
5,2219
5,3137
5,439
5,726
5,1080
5,4284
5,1487
5,2575
